﻿Designator,Footprint,Quantity,Value,LCSC Part #
AE1,Anten AN9520 Rainsun 2.4G,1,Antenna_Chip,
C1,0603,1,10uF,C15849
"C12, C14, C3, C5, C7",0603,5,0.1uF,C1591
"C13, C15",1206,2,47uF,C403725
"C17, C18",0603,2,10pF,C106245
C19,0603,1,10uF,C1591
C21,1206,1,10uF,
C23,0603,1,100pF,
C27,0603,1,100nF,
C4,0603,1,10nF,C1591
C6,0603,1,10uF,C19702
C8,0603,1,1uF,C15849
C9,0603,1,56pF,C1676
"D1, D2, D3",D_SOD-123,3,1N5819W,C8678
D4,0603,1,PW,C965805
D5,0603,1,ST,C965805
D6,LED_D3.0mm,1,LED,
D7,0603,1,ST,C125094
D8,0603,1,NET,
J1,"TerminalBlock_Phoenix_MPT-0,5-6-2.54_1x06_P2.54mm_Horizontal",1,Conn_01x06_Pin,
J3,U.FL_Hirose_U.FL-R-SMT-1_Vertical,1,GNSS,
J4,USB_C_Receptacle_GCT_USB4105-xx-A_16P_TopMnt_Horizontal,1,USB_OTG,C2765186
J5,U.FL_Hirose_U.FL-R-SMT-1_Vertical,1,4G,
J6,EC800E-CN,1,EG800,C19273720
J7,nanoSIM_ConnMold_CMNSM661004,1,SIM_Card,
L1,0603,1,2.2nH,C279967
L2,L_APV_ANR5040,1,4.7uH,C167753
L3,0402,1,24nH,C279967
L4,0603,1,VHF160808H47NJT,
"Q2, Q3",SOT-23,2,SS8050,
R1,0603,1,0R,
"R10, R15, R16, R21, R24, R25, R26, R6, R7, R8",0603,10,10K,
R11,0603,1,10,
R12,0603,1,4K7,C113303
"R13, R17, R18, R3, R9",0603,5,4K7,
R2,0603,1,100K,
R4,Res3Pin 0402,1,Res_3Pin,
R5,0603,1,16K9,
TP1,TestPoint_Pad_D1.0mm,1,RX,
TP2,TestPoint_Pad_D1.0mm,1,TX,
TP3,TestPoint_Pad_D1.0mm,1,RST,
TP4,TestPoint_Pad_D1.0mm,1,BOOT,
U1,U.FL_Hirose_U.FL-R-SMT-1_Vertical,1,Main,C5137195
U2,SOT-23-6,1,TPS54202DDC,C191884
U3,QFN-32-1EP_5x5mm_P0.5mm_EP3.7x3.7mm,1,ESP32-C3FH4,C2858491
U4,TSOT-23-5,1,RT9013-33GB,
Y1,Crystal_SMD_2520-4Pin_2.5x2.0mm,1,40MHz,C284176
